id,worker_type,spouse_type,birth_yr,claim_age,year_at_65,awi_at_65,real_career_avg_earn,ben_at_65_pb,real_ben_at_65_pb,rep_rate_awi_pb,rep_rate_career_pb
R-very_low-1930-44-65,very_low,none,1930,65,1995,24705.66,9132.061576136579,4752,9279.124903436237,0.19234458824415135,1.0161040665433045
R-very_low-1935-44-65,very_low,none,1935,65,2000,32154.82,9667.23934801242,5472,9835.355976301282,0.17017666402735265,1.01739034508579
R-very_low-1940-44-65,very_low,none,1940,65,2005,36952.94,10297.447874555955,6888,11039.43967045448,0.18639924184652154,1.0720558923859103
R-very_low-1945-44-65,very_low,none,1945,65,2010,41673.83,10939.898804542418,7788,11357.236371064071,0.18687987161247238,1.0381482108726974
R-very_low-1950-44-65,very_low,none,1950,65,2015,48098.63,11570.508311254445,8508,11427.547647627072,0.17688653502189147,0.9876443921233505
R-very_low-1955-44-65,very_low,none,1955,65,2020,55628.6,12271.277236489217,9840,12205.598419633605,0.1768874284091277,0.9946477603276443
R-very_low-1960-44-65,very_low,none,1960,65,2025,72255.52,13075.299064912882,11604,11844.2028,0.16059672672759118,0.9058456514989789
R-very_low-1965-44-65,very_low,none,1965,65,2030,88030.45,13972.510588664107,14028,12934.323565083403,0.15935395082042636,0.9256978896532034
R-very_low-1970-44-65,very_low,none,1970,65,2035,106494.41,14981.292788937253,13622.9368554,11348.8972031041,0.1279216144340346,0.7575379083095252
R-very_low-1975-44-65,very_low,none,1975,65,2040,127479.7,16103.623714432959,16141.429661952,12149.541008671338,0.12661960815684378,0.7544600658907751
R-very_low-1980-44-65,very_low,none,1980,65,2045,152129.95,17298.903795936818,19159.756896564,13029.952197444109,0.1259433589281006,0.7532241551921108
R-very_low-1985-44-65,very_low,none,1985,65,2050,180927.92,18625.98122905315,22613.05146,13894.62895244844,0.12498375850449171,0.7459810455932029
R-very_low-1990-44-65,very_low,none,1990,65,2055,214968.38,20102.690479206893,26440.145894015997,14678.665865382629,0.12299551168416488,0.7301841452797289
R-very_low-1995-44-65,very_low,none,1995,65,2060,255531.48,21713.72399231629,30706.008858,15402.13987327281,0.12016526831840836,0.7093274225426774
R-very_low-2000-44-65,very_low,none,2000,65,2065,304175.68,23436.372443062377,35859.643667232,16251.693259566353,0.11789122544981899,0.6934389397953594
R-very_low-2005-44-65,very_low,none,2005,65,2070,362245.73,25273.547612499868,41922.139316495995,17166.07630375608,0.1157284568033307,0.6792111881936997
R-very_low-2010-44-65,very_low,none,2010,65,2075,431340.48,27217.177131751643,49124.3603136,18174.374157172246,0.11388766552492362,0.6677538257988542
R-very_low-1930-44-65,very_low,very_low,1930,65,1995,24705.66,9132.061576136579,4752,9279.124903436237,0.19234458824415135,1.0161040665433045
R-very_low-1935-44-65,very_low,very_low,1935,65,2000,32154.82,9667.23934801242,5472,9835.355976301282,0.17017666402735265,1.01739034508579
R-very_low-1940-44-65,very_low,very_low,1940,65,2005,36952.94,10297.447874555955,6888,11039.43967045448,0.18639924184652154,1.0720558923859103
R-very_low-1945-44-65,very_low,very_low,1945,65,2010,41673.83,10939.898804542418,7788,11357.236371064071,0.18687987161247238,1.0381482108726974
R-very_low-1950-44-65,very_low,very_low,1950,65,2015,48098.63,11570.508311254445,8508,11427.547647627072,0.17688653502189147,0.9876443921233505
R-very_low-1955-44-65,very_low,very_low,1955,65,2020,55628.6,12271.277236489217,9840,12205.598419633605,0.1768874284091277,0.9946477603276443
R-very_low-1960-44-65,very_low,very_low,1960,65,2025,72255.52,13075.299064912882,11604,11844.2028,0.16059672672759118,0.9058456514989789
R-very_low-1965-44-65,very_low,very_low,1965,65,2030,88030.45,13972.510588664107,14028,12934.323565083403,0.15935395082042636,0.9256978896532034
R-very_low-1970-44-65,very_low,very_low,1970,65,2035,106494.41,14981.292788937253,13622.9368554,11348.8972031041,0.1279216144340346,0.7575379083095252
R-very_low-1975-44-65,very_low,very_low,1975,65,2040,127479.7,16103.623714432959,16141.429661952,12149.541008671338,0.12661960815684378,0.7544600658907751
R-very_low-1980-44-65,very_low,very_low,1980,65,2045,152129.95,17298.903795936818,19159.756896564,13029.952197444109,0.1259433589281006,0.7532241551921108
R-very_low-1985-44-65,very_low,very_low,1985,65,2050,180927.92,18625.98122905315,22613.05146,13894.62895244844,0.12498375850449171,0.7459810455932029
R-very_low-1990-44-65,very_low,very_low,1990,65,2055,214968.38,20102.690479206893,26440.145894015997,14678.665865382629,0.12299551168416488,0.7301841452797289
R-very_low-1995-44-65,very_low,very_low,1995,65,2060,255531.48,21713.72399231629,30706.008858,15402.13987327281,0.12016526831840836,0.7093274225426774
R-very_low-2000-44-65,very_low,very_low,2000,65,2065,304175.68,23436.372443062377,35859.643667232,16251.693259566353,0.11789122544981899,0.6934389397953594
R-very_low-2005-44-65,very_low,very_low,2005,65,2070,362245.73,25273.547612499868,41922.139316495995,17166.07630375608,0.1157284568033307,0.6792111881936997
R-very_low-2010-44-65,very_low,very_low,2010,65,2075,431340.48,27217.177131751643,49124.3603136,18174.374157172246,0.11388766552492362,0.6677538257988542
R-very_low-1930-44-65,very_low,low,1930,65,1995,24705.66,9132.061576136579,4752,9279.124903436237,0.19234458824415135,1.0161040665433045
R-very_low-1935-44-65,very_low,low,1935,65,2000,32154.82,9667.23934801242,5472,9835.355976301282,0.17017666402735265,1.01739034508579
R-very_low-1940-44-65,very_low,low,1940,65,2005,36952.94,10297.447874555955,6888,11039.43967045448,0.18639924184652154,1.0720558923859103
R-very_low-1945-44-65,very_low,low,1945,65,2010,41673.83,10939.898804542418,7788,11357.236371064071,0.18687987161247238,1.0381482108726974
R-very_low-1950-44-65,very_low,low,1950,65,2015,48098.63,11570.508311254445,8508,11427.547647627072,0.17688653502189147,0.9876443921233505
R-very_low-1955-44-65,very_low,low,1955,65,2020,55628.6,12271.277236489217,9840,12205.598419633605,0.1768874284091277,0.9946477603276443
R-very_low-1960-44-65,very_low,low,1960,65,2025,72255.52,13075.299064912882,11604,11844.2028,0.16059672672759118,0.9058456514989789
R-very_low-1965-44-65,very_low,low,1965,65,2030,88030.45,13972.510588664107,14028,12934.323565083403,0.15935395082042636,0.9256978896532034
R-very_low-1970-44-65,very_low,low,1970,65,2035,106494.41,14981.292788937253,13622.9368554,11348.8972031041,0.1279216144340346,0.7575379083095252
R-very_low-1975-44-65,very_low,low,1975,65,2040,127479.7,16103.623714432959,16141.429661952,12149.541008671338,0.12661960815684378,0.7544600658907751
R-very_low-1980-44-65,very_low,low,1980,65,2045,152129.95,17298.903795936818,19159.756896564,13029.952197444109,0.1259433589281006,0.7532241551921108
R-very_low-1985-44-65,very_low,low,1985,65,2050,180927.92,18625.98122905315,22613.05146,13894.62895244844,0.12498375850449171,0.7459810455932029
R-very_low-1990-44-65,very_low,low,1990,65,2055,214968.38,20102.690479206893,26440.145894015997,14678.665865382629,0.12299551168416488,0.7301841452797289
R-very_low-1995-44-65,very_low,low,1995,65,2060,255531.48,21713.72399231629,30706.008858,15402.13987327281,0.12016526831840836,0.7093274225426774
R-very_low-2000-44-65,very_low,low,2000,65,2065,304175.68,23436.372443062377,35859.643667232,16251.693259566353,0.11789122544981899,0.6934389397953594
R-very_low-2005-44-65,very_low,low,2005,65,2070,362245.73,25273.547612499868,41922.139316495995,17166.07630375608,0.1157284568033307,0.6792111881936997
R-very_low-2010-44-65,very_low,low,2010,65,2075,431340.48,27217.177131751643,49124.3603136,18174.374157172246,0.11388766552492362,0.6677538257988542
R-very_low-1930-44-65,very_low,medium,1930,65,1995,24705.66,9132.061576136579,4752,9279.124903436237,0.19234458824415135,1.0161040665433045
R-very_low-1935-44-65,very_low,medium,1935,65,2000,32154.82,9667.23934801242,5472,9835.355976301282,0.17017666402735265,1.01739034508579
R-very_low-1940-44-65,very_low,medium,1940,65,2005,36952.94,10297.447874555955,6888,11039.43967045448,0.18639924184652154,1.0720558923859103
R-very_low-1945-44-65,very_low,medium,1945,65,2010,41673.83,10939.898804542418,7788,11357.236371064071,0.18687987161247238,1.0381482108726974
R-very_low-1950-44-65,very_low,medium,1950,65,2015,48098.63,11570.508311254445,8508,11427.547647627072,0.17688653502189147,0.9876443921233505
R-very_low-1955-44-65,very_low,medium,1955,65,2020,55628.6,12271.277236489217,9840,12205.598419633605,0.1768874284091277,0.9946477603276443
R-very_low-1960-44-65,very_low,medium,1960,65,2025,72255.52,13075.299064912882,11604,11844.2028,0.16059672672759118,0.9058456514989789
R-very_low-1965-44-65,very_low,medium,1965,65,2030,88030.45,13972.510588664107,14028,12934.323565083403,0.15935395082042636,0.9256978896532034
R-very_low-1970-44-65,very_low,medium,1970,65,2035,106494.41,14981.292788937253,13622.9368554,11348.8972031041,0.1279216144340346,0.7575379083095252
R-very_low-1975-44-65,very_low,medium,1975,65,2040,127479.7,16103.623714432959,16141.429661952,12149.541008671338,0.12661960815684378,0.7544600658907751
R-very_low-1980-44-65,very_low,medium,1980,65,2045,152129.95,17298.903795936818,19159.756896564,13029.952197444109,0.1259433589281006,0.7532241551921108
R-very_low-1985-44-65,very_low,medium,1985,65,2050,180927.92,18625.98122905315,22613.05146,13894.62895244844,0.12498375850449171,0.7459810455932029
R-very_low-1990-44-65,very_low,medium,1990,65,2055,214968.38,20102.690479206893,26440.145894015997,14678.665865382629,0.12299551168416488,0.7301841452797289
R-very_low-1995-44-65,very_low,medium,1995,65,2060,255531.48,21713.72399231629,30706.008858,15402.13987327281,0.12016526831840836,0.7093274225426774
R-very_low-2000-44-65,very_low,medium,2000,65,2065,304175.68,23436.372443062377,35859.643667232,16251.693259566353,0.11789122544981899,0.6934389397953594
R-very_low-2005-44-65,very_low,medium,2005,65,2070,362245.73,25273.547612499868,41922.139316495995,17166.07630375608,0.1157284568033307,0.6792111881936997
R-very_low-2010-44-65,very_low,medium,2010,65,2075,431340.48,27217.177131751643,49124.3603136,18174.374157172246,0.11388766552492362,0.6677538257988542
R-very_low-1930-44-65,very_low,high,1930,65,1995,24705.66,9132.061576136579,4752,9279.124903436237,0.19234458824415135,1.0161040665433045
R-very_low-1935-44-65,very_low,high,1935,65,2000,32154.82,9667.23934801242,5472,9835.355976301282,0.17017666402735265,1.01739034508579
R-very_low-1940-44-65,very_low,high,1940,65,2005,36952.94,10297.447874555955,6888,11039.43967045448,0.18639924184652154,1.0720558923859103
R-very_low-1945-44-65,very_low,high,1945,65,2010,41673.83,10939.898804542418,7788,11357.236371064071,0.18687987161247238,1.0381482108726974
R-very_low-1950-44-65,very_low,high,1950,65,2015,48098.63,11570.508311254445,8508,11427.547647627072,0.17688653502189147,0.9876443921233505
R-very_low-1955-44-65,very_low,high,1955,65,2020,55628.6,12271.277236489217,9840,12205.598419633605,0.1768874284091277,0.9946477603276443
R-very_low-1960-44-65,very_low,high,1960,65,2025,72255.52,13075.299064912882,11604,11844.2028,0.16059672672759118,0.9058456514989789
R-very_low-1965-44-65,very_low,high,1965,65,2030,88030.45,13972.510588664107,14028,12934.323565083403,0.15935395082042636,0.9256978896532034
R-very_low-1970-44-65,very_low,high,1970,65,2035,106494.41,14981.292788937253,13622.9368554,11348.8972031041,0.1279216144340346,0.7575379083095252
R-very_low-1975-44-65,very_low,high,1975,65,2040,127479.7,16103.623714432959,16141.429661952,12149.541008671338,0.12661960815684378,0.7544600658907751
R-very_low-1980-44-65,very_low,high,1980,65,2045,152129.95,17298.903795936818,19159.756896564,13029.952197444109,0.1259433589281006,0.7532241551921108
R-very_low-1985-44-65,very_low,high,1985,65,2050,180927.92,18625.98122905315,22613.05146,13894.62895244844,0.12498375850449171,0.7459810455932029
R-very_low-1990-44-65,very_low,high,1990,65,2055,214968.38,20102.690479206893,26440.145894015997,14678.665865382629,0.12299551168416488,0.7301841452797289
R-very_low-1995-44-65,very_low,high,1995,65,2060,255531.48,21713.72399231629,30706.008858,15402.13987327281,0.12016526831840836,0.7093274225426774
R-very_low-2000-44-65,very_low,high,2000,65,2065,304175.68,23436.372443062377,35859.643667232,16251.693259566353,0.11789122544981899,0.6934389397953594
R-very_low-2005-44-65,very_low,high,2005,65,2070,362245.73,25273.547612499868,41922.139316495995,17166.07630375608,0.1157284568033307,0.6792111881936997
R-very_low-2010-44-65,very_low,high,2010,65,2075,431340.48,27217.177131751643,49124.3603136,18174.374157172246,0.11388766552492362,0.6677538257988542
R-very_low-1930-44-65,very_low,max,1930,65,1995,24705.66,9132.061576136579,4752,9279.124903436237,0.19234458824415135,1.0161040665433045
R-very_low-1935-44-65,very_low,max,1935,65,2000,32154.82,9667.23934801242,5472,9835.355976301282,0.17017666402735265,1.01739034508579
R-very_low-1940-44-65,very_low,max,1940,65,2005,36952.94,10297.447874555955,6888,11039.43967045448,0.18639924184652154,1.0720558923859103
R-very_low-1945-44-65,very_low,max,1945,65,2010,41673.83,10939.898804542418,7788,11357.236371064071,0.18687987161247238,1.0381482108726974
R-very_low-1950-44-65,very_low,max,1950,65,2015,48098.63,11570.508311254445,8508,11427.547647627072,0.17688653502189147,0.9876443921233505
R-very_low-1955-44-65,very_low,max,1955,65,2020,55628.6,12271.277236489217,9840,12205.598419633605,0.1768874284091277,0.9946477603276443
R-very_low-1960-44-65,very_low,max,1960,65,2025,72255.52,13075.299064912882,11604,11844.2028,0.16059672672759118,0.9058456514989789
R-very_low-1965-44-65,very_low,max,1965,65,2030,88030.45,13972.510588664107,14028,12934.323565083403,0.15935395082042636,0.9256978896532034
R-very_low-1970-44-65,very_low,max,1970,65,2035,106494.41,14981.292788937253,13622.9368554,11348.8972031041,0.1279216144340346,0.7575379083095252
R-very_low-1975-44-65,very_low,max,1975,65,2040,127479.7,16103.623714432959,16141.429661952,12149.541008671338,0.12661960815684378,0.7544600658907751
R-very_low-1980-44-65,very_low,max,1980,65,2045,152129.95,17298.903795936818,19159.756896564,13029.952197444109,0.1259433589281006,0.7532241551921108
R-very_low-1985-44-65,very_low,max,1985,65,2050,180927.92,18625.98122905315,22613.05146,13894.62895244844,0.12498375850449171,0.7459810455932029
R-very_low-1990-44-65,very_low,max,1990,65,2055,214968.38,20102.690479206893,26440.145894015997,14678.665865382629,0.12299551168416488,0.7301841452797289
R-very_low-1995-44-65,very_low,max,1995,65,2060,255531.48,21713.72399231629,30706.008858,15402.13987327281,0.12016526831840836,0.7093274225426774
R-very_low-2000-44-65,very_low,max,2000,65,2065,304175.68,23436.372443062377,35859.643667232,16251.693259566353,0.11789122544981899,0.6934389397953594
R-very_low-2005-44-65,very_low,max,2005,65,2070,362245.73,25273.547612499868,41922.139316495995,17166.07630375608,0.1157284568033307,0.6792111881936997
R-very_low-2010-44-65,very_low,max,2010,65,2075,431340.48,27217.177131751643,49124.3603136,18174.374157172246,0.11388766552492362,0.6677538257988542
R-low-1930-44-65,low,none,1930,65,1995,24705.66,16440.86850937577,6228,12161.277335564157,0.252087983077562,0.7396979866744217
R-low-1935-44-65,low,none,1935,65,2000,32154.82,17404.185923657984,7164,12876.551574236548,0.22279707987791567,0.7398537128204945
R-low-1940-44-65,low,none,1940,65,2005,36952.94,18538.830370060983,9012,14443.587443399503,0.2438777537051179,0.7790991748176825
R-low-1945-44-65,low,none,1945,65,2010,41673.83,19695.308808860376,10188,14857.155129481349,0.24446997072263335,0.7543499456478451
R-low-1950-44-65,low,none,1950,65,2015,48098.63,20830.567464460608,11136,14957.354325808074,0.23152426586786362,0.7180483369609145
R-low-1955-44-65,low,none,1955,65,2020,55628.6,22092.13022264915,12888,15986.35695449572,0.23167938794073553,0.7236222488905254
R-low-1960-44-65,low,none,1960,65,2025,72255.52,23539.70329221506,15204,15518.7228,0.2104199097868232,0.6592573664737855
R-low-1965-44-65,low,none,1965,65,2030,88030.45,25154.864377978556,18384,16950.713175113582,0.2088368286200968,0.6738542860104954
R-low-1970-44-65,low,none,1970,65,2035,106494.41,26970.821728901054,17838.877313808,14861.082232275265,0.16750998774309372,0.5510059123022794
R-low-1975-44-65,low,none,1975,65,2040,127479.7,28991.257106845605,21144.054989567998,15914.982040958335,0.16586213326175067,0.5489579835156712
R-low-1980-44-65,low,none,1980,65,2045,152129.95,31143.025695651057,25085.071923228,17059.573865873263,0.16489239576577785,0.5477815172035623
R-low-1985-44-65,low,none,1985,65,2050,180927.92,33532.02944107897,29602.70709,18189.435058383962,0.1636160250446697,0.5424495731863068
R-low-1990-44-65,low,none,1990,65,2055,214968.38,36190.49084211598,34612.390441176,19215.61689276353,0.16101154244720084,0.5309576202376822
R-low-1995-44-65,low,none,1995,65,2060,255531.48,39090.802860073425,40202.89461,20165.77956963428,0.15733049646172753,0.5158701815825637
R-low-2000-44-65,low,none,2000,65,2065,304175.68,42192.15820300589,46948.73560398,21277.301499166297,0.15434743370666584,0.504295167760592
R-low-2005-44-65,low,none,2005,65,2070,362245.73,45499.631196843664,54880.201062984,22472.08120512016,0.15149992537657794,0.493895897922774
R-low-2010-44-65,low,none,2010,65,2075,431340.48,48998.80982355487,64323.3351744,23797.48770332787,0.14912427225564362,0.4856748110622039
R-low-1930-44-65,low,very_low,1930,65,1995,24705.66,16440.86850937577,6228,12161.277335564157,0.252087983077562,0.7396979866744217
R-low-1935-44-65,low,very_low,1935,65,2000,32154.82,17404.185923657984,7164,12876.551574236548,0.22279707987791567,0.7398537128204945
R-low-1940-44-65,low,very_low,1940,65,2005,36952.94,18538.830370060983,9012,14443.587443399503,0.2438777537051179,0.7790991748176825
R-low-1945-44-65,low,very_low,1945,65,2010,41673.83,19695.308808860376,10188,14857.155129481349,0.24446997072263335,0.7543499456478451
R-low-1950-44-65,low,very_low,1950,65,2015,48098.63,20830.567464460608,11136,14957.354325808074,0.23152426586786362,0.7180483369609145
R-low-1955-44-65,low,very_low,1955,65,2020,55628.6,22092.13022264915,12888,15986.35695449572,0.23167938794073553,0.7236222488905254
R-low-1960-44-65,low,very_low,1960,65,2025,72255.52,23539.70329221506,15204,15518.7228,0.2104199097868232,0.6592573664737855
R-low-1965-44-65,low,very_low,1965,65,2030,88030.45,25154.864377978556,18384,16950.713175113582,0.2088368286200968,0.6738542860104954
R-low-1970-44-65,low,very_low,1970,65,2035,106494.41,26970.821728901054,17838.877313808,14861.082232275265,0.16750998774309372,0.5510059123022794
R-low-1975-44-65,low,very_low,1975,65,2040,127479.7,28991.257106845605,21144.054989567998,15914.982040958335,0.16586213326175067,0.5489579835156712
R-low-1980-44-65,low,very_low,1980,65,2045,152129.95,31143.025695651057,25085.071923228,17059.573865873263,0.16489239576577785,0.5477815172035623
R-low-1985-44-65,low,very_low,1985,65,2050,180927.92,33532.02944107897,29602.70709,18189.435058383962,0.1636160250446697,0.5424495731863068
R-low-1990-44-65,low,very_low,1990,65,2055,214968.38,36190.49084211598,34612.390441176,19215.61689276353,0.16101154244720084,0.5309576202376822
R-low-1995-44-65,low,very_low,1995,65,2060,255531.48,39090.802860073425,40202.89461,20165.77956963428,0.15733049646172753,0.5158701815825637
R-low-2000-44-65,low,very_low,2000,65,2065,304175.68,42192.15820300589,46948.73560398,21277.301499166297,0.15434743370666584,0.504295167760592
R-low-2005-44-65,low,very_low,2005,65,2070,362245.73,45499.631196843664,54880.201062984,22472.08120512016,0.15149992537657794,0.493895897922774
R-low-2010-44-65,low,very_low,2010,65,2075,431340.48,48998.80982355487,64323.3351744,23797.48770332787,0.14912427225564362,0.4856748110622039
R-low-1930-44-65,low,low,1930,65,1995,24705.66,16440.86850937577,6228,12161.277335564157,0.252087983077562,0.7396979866744217
R-low-1935-44-65,low,low,1935,65,2000,32154.82,17404.185923657984,7164,12876.551574236548,0.22279707987791567,0.7398537128204945
R-low-1940-44-65,low,low,1940,65,2005,36952.94,18538.830370060983,9012,14443.587443399503,0.2438777537051179,0.7790991748176825
R-low-1945-44-65,low,low,1945,65,2010,41673.83,19695.308808860376,10188,14857.155129481349,0.24446997072263335,0.7543499456478451
R-low-1950-44-65,low,low,1950,65,2015,48098.63,20830.567464460608,11136,14957.354325808074,0.23152426586786362,0.7180483369609145
R-low-1955-44-65,low,low,1955,65,2020,55628.6,22092.13022264915,12888,15986.35695449572,0.23167938794073553,0.7236222488905254
R-low-1960-44-65,low,low,1960,65,2025,72255.52,23539.70329221506,15204,15518.7228,0.2104199097868232,0.6592573664737855
R-low-1965-44-65,low,low,1965,65,2030,88030.45,25154.864377978556,18384,16950.713175113582,0.2088368286200968,0.6738542860104954
R-low-1970-44-65,low,low,1970,65,2035,106494.41,26970.821728901054,17838.877313808,14861.082232275265,0.16750998774309372,0.5510059123022794
R-low-1975-44-65,low,low,1975,65,2040,127479.7,28991.257106845605,21144.054989567998,15914.982040958335,0.16586213326175067,0.5489579835156712
R-low-1980-44-65,low,low,1980,65,2045,152129.95,31143.025695651057,25085.071923228,17059.573865873263,0.16489239576577785,0.5477815172035623
R-low-1985-44-65,low,low,1985,65,2050,180927.92,33532.02944107897,29602.70709,18189.435058383962,0.1636160250446697,0.5424495731863068
R-low-1990-44-65,low,low,1990,65,2055,214968.38,36190.49084211598,34612.390441176,19215.61689276353,0.16101154244720084,0.5309576202376822
R-low-1995-44-65,low,low,1995,65,2060,255531.48,39090.802860073425,40202.89461,20165.77956963428,0.15733049646172753,0.5158701815825637
R-low-2000-44-65,low,low,2000,65,2065,304175.68,42192.15820300589,46948.73560398,21277.301499166297,0.15434743370666584,0.504295167760592
R-low-2005-44-65,low,low,2005,65,2070,362245.73,45499.631196843664,54880.201062984,22472.08120512016,0.15149992537657794,0.493895897922774
R-low-2010-44-65,low,low,2010,65,2075,431340.48,48998.80982355487,64323.3351744,23797.48770332787,0.14912427225564362,0.4856748110622039
R-low-1930-44-65,low,medium,1930,65,1995,24705.66,16440.86850937577,6228,12161.277335564157,0.252087983077562,0.7396979866744217
R-low-1935-44-65,low,medium,1935,65,2000,32154.82,17404.185923657984,7164,12876.551574236548,0.22279707987791567,0.7398537128204945
R-low-1940-44-65,low,medium,1940,65,2005,36952.94,18538.830370060983,9012,14443.587443399503,0.2438777537051179,0.7790991748176825
R-low-1945-44-65,low,medium,1945,65,2010,41673.83,19695.308808860376,10188,14857.155129481349,0.24446997072263335,0.7543499456478451
R-low-1950-44-65,low,medium,1950,65,2015,48098.63,20830.567464460608,11136,14957.354325808074,0.23152426586786362,0.7180483369609145
R-low-1955-44-65,low,medium,1955,65,2020,55628.6,22092.13022264915,12888,15986.35695449572,0.23167938794073553,0.7236222488905254
R-low-1960-44-65,low,medium,1960,65,2025,72255.52,23539.70329221506,15204,15518.7228,0.2104199097868232,0.6592573664737855
R-low-1965-44-65,low,medium,1965,65,2030,88030.45,25154.864377978556,18384,16950.713175113582,0.2088368286200968,0.6738542860104954
R-low-1970-44-65,low,medium,1970,65,2035,106494.41,26970.821728901054,17838.877313808,14861.082232275265,0.16750998774309372,0.5510059123022794
R-low-1975-44-65,low,medium,1975,65,2040,127479.7,28991.257106845605,21144.054989567998,15914.982040958335,0.16586213326175067,0.5489579835156712
R-low-1980-44-65,low,medium,1980,65,2045,152129.95,31143.025695651057,25085.071923228,17059.573865873263,0.16489239576577785,0.5477815172035623
R-low-1985-44-65,low,medium,1985,65,2050,180927.92,33532.02944107897,29602.70709,18189.435058383962,0.1636160250446697,0.5424495731863068
R-low-1990-44-65,low,medium,1990,65,2055,214968.38,36190.49084211598,34612.390441176,19215.61689276353,0.16101154244720084,0.5309576202376822
R-low-1995-44-65,low,medium,1995,65,2060,255531.48,39090.802860073425,40202.89461,20165.77956963428,0.15733049646172753,0.5158701815825637
R-low-2000-44-65,low,medium,2000,65,2065,304175.68,42192.15820300589,46948.73560398,21277.301499166297,0.15434743370666584,0.504295167760592
R-low-2005-44-65,low,medium,2005,65,2070,362245.73,45499.631196843664,54880.201062984,22472.08120512016,0.15149992537657794,0.493895897922774
R-low-2010-44-65,low,medium,2010,65,2075,431340.48,48998.80982355487,64323.3351744,23797.48770332787,0.14912427225564362,0.4856748110622039
R-low-1930-44-65,low,high,1930,65,1995,24705.66,16440.86850937577,6228,12161.277335564157,0.252087983077562,0.7396979866744217
R-low-1935-44-65,low,high,1935,65,2000,32154.82,17404.185923657984,7164,12876.551574236548,0.22279707987791567,0.7398537128204945
R-low-1940-44-65,low,high,1940,65,2005,36952.94,18538.830370060983,9012,14443.587443399503,0.2438777537051179,0.7790991748176825
R-low-1945-44-65,low,high,1945,65,2010,41673.83,19695.308808860376,10188,14857.155129481349,0.24446997072263335,0.7543499456478451
R-low-1950-44-65,low,high,1950,65,2015,48098.63,20830.567464460608,11136,14957.354325808074,0.23152426586786362,0.7180483369609145
R-low-1955-44-65,low,high,1955,65,2020,55628.6,22092.13022264915,12888,15986.35695449572,0.23167938794073553,0.7236222488905254
R-low-1960-44-65,low,high,1960,65,2025,72255.52,23539.70329221506,15204,15518.7228,0.2104199097868232,0.6592573664737855
R-low-1965-44-65,low,high,1965,65,2030,88030.45,25154.864377978556,18384,16950.713175113582,0.2088368286200968,0.6738542860104954
R-low-1970-44-65,low,high,1970,65,2035,106494.41,26970.821728901054,17838.877313808,14861.082232275265,0.16750998774309372,0.5510059123022794
R-low-1975-44-65,low,high,1975,65,2040,127479.7,28991.257106845605,21144.054989567998,15914.982040958335,0.16586213326175067,0.5489579835156712
R-low-1980-44-65,low,high,1980,65,2045,152129.95,31143.025695651057,25085.071923228,17059.573865873263,0.16489239576577785,0.5477815172035623
R-low-1985-44-65,low,high,1985,65,2050,180927.92,33532.02944107897,29602.70709,18189.435058383962,0.1636160250446697,0.5424495731863068
R-low-1990-44-65,low,high,1990,65,2055,214968.38,36190.49084211598,34612.390441176,19215.61689276353,0.16101154244720084,0.5309576202376822
R-low-1995-44-65,low,high,1995,65,2060,255531.48,39090.802860073425,40202.89461,20165.77956963428,0.15733049646172753,0.5158701815825637
R-low-2000-44-65,low,high,2000,65,2065,304175.68,42192.15820300589,46948.73560398,21277.301499166297,0.15434743370666584,0.504295167760592
R-low-2005-44-65,low,high,2005,65,2070,362245.73,45499.631196843664,54880.201062984,22472.08120512016,0.15149992537657794,0.493895897922774
R-low-2010-44-65,low,high,2010,65,2075,431340.48,48998.80982355487,64323.3351744,23797.48770332787,0.14912427225564362,0.4856748110622039
R-low-1930-44-65,low,max,1930,65,1995,24705.66,16440.86850937577,6228,12161.277335564157,0.252087983077562,0.7396979866744217
R-low-1935-44-65,low,max,1935,65,2000,32154.82,17404.185923657984,7164,12876.551574236548,0.22279707987791567,0.7398537128204945
R-low-1940-44-65,low,max,1940,65,2005,36952.94,18538.830370060983,9012,14443.587443399503,0.2438777537051179,0.7790991748176825
R-low-1945-44-65,low,max,1945,65,2010,41673.83,19695.308808860376,10188,14857.155129481349,0.24446997072263335,0.7543499456478451
R-low-1950-44-65,low,max,1950,65,2015,48098.63,20830.567464460608,11136,14957.354325808074,0.23152426586786362,0.7180483369609145
R-low-1955-44-65,low,max,1955,65,2020,55628.6,22092.13022264915,12888,15986.35695449572,0.23167938794073553,0.7236222488905254
R-low-1960-44-65,low,max,1960,65,2025,72255.52,23539.70329221506,15204,15518.7228,0.2104199097868232,0.6592573664737855
R-low-1965-44-65,low,max,1965,65,2030,88030.45,25154.864377978556,18384,16950.713175113582,0.2088368286200968,0.6738542860104954
R-low-1970-44-65,low,max,1970,65,2035,106494.41,26970.821728901054,17838.877313808,14861.082232275265,0.16750998774309372,0.5510059123022794
R-low-1975-44-65,low,max,1975,65,2040,127479.7,28991.257106845605,21144.054989567998,15914.982040958335,0.16586213326175067,0.5489579835156712
R-low-1980-44-65,low,max,1980,65,2045,152129.95,31143.025695651057,25085.071923228,17059.573865873263,0.16489239576577785,0.5477815172035623
R-low-1985-44-65,low,max,1985,65,2050,180927.92,33532.02944107897,29602.70709,18189.435058383962,0.1636160250446697,0.5424495731863068
R-low-1990-44-65,low,max,1990,65,2055,214968.38,36190.49084211598,34612.390441176,19215.61689276353,0.16101154244720084,0.5309576202376822
R-low-1995-44-65,low,max,1995,65,2060,255531.48,39090.802860073425,40202.89461,20165.77956963428,0.15733049646172753,0.5158701815825637
R-low-2000-44-65,low,max,2000,65,2065,304175.68,42192.15820300589,46948.73560398,21277.301499166297,0.15434743370666584,0.504295167760592
R-low-2005-44-65,low,max,2005,65,2070,362245.73,45499.631196843664,54880.201062984,22472.08120512016,0.15149992537657794,0.493895897922774
R-low-2010-44-65,low,max,2010,65,2075,431340.48,48998.80982355487,64323.3351744,23797.48770332787,0.14912427225564362,0.4856748110622039
R-medium-1930-44-65,medium,none,1930,65,1995,24705.66,36536.859677992885,10284,20081.338490517308,0.4162608892051457,0.5496186226046358
R-medium-1935-44-65,medium,none,1935,65,2000,32154.82,38677.37664158795,11832,21266.80042244093,0.3679697165152845,0.5498511602664837
R-medium-1940-44-65,medium,none,1940,65,2005,36952.94,41198.91334041305,14856,23809.80193732168,0.4020248456550412,0.5779230568677657
R-medium-1945-44-65,medium,none,1945,65,2010,41673.83,43768.97650458081,16824,24534.430496505127,0.4037065947622285,0.5605438476254382
R-medium-1950-44-65,medium,none,1950,65,2015,48098.63,46292.24327328239,18372,24676.41106984069,0.38196514121088276,0.5330571457547555
R-medium-1955-44-65,medium,none,1955,65,2020,55628.6,49095.888149526676,21252,26361.115611184287,0.3820337020884941,0.5369312299820047
R-medium-1960-44-65,medium,none,1960,65,2025,72255.52,52313.001178224324,25116,25635.9012,0.3475997404765753,0.49004837464135276
R-medium-1965-44-65,medium,none,1965,65,2030,88030.45,55902.19533421282,30336,27970.889625774886,0.34460803051671324,0.500354046179227
R-medium-1970-44-65,medium,none,1970,65,2035,106494.41,59937.86401636532,29435.103563352,24521.582097093,0.27640045673150354,0.40911671611116596
R-medium-1975-44-65,medium,none,1975,65,2040,127479.7,64427.94409826308,34877.854109952,26252.316410495296,0.27359535761342396,0.40746785851890993
R-medium-1980-44-65,medium,none,1980,65,2045,152129.95,69209.8959903163,41384.331910368,28144.19146476537,0.2720327713929308,0.4066498159266594
R-medium-1985-44-65,medium,none,1985,65,2050,180927.92,74519.3002043075,48835.74111,30007.206393244658,0.2699182144469466,0.40267697510543893
R-medium-1990-44-65,medium,none,1990,65,2055,214968.38,80427.41961701309,57106.380680928,31703.51193056002,0.26565014203915943,0.3941878538628842
R-medium-1995-44-65,medium,none,1995,65,2060,255531.48,86872.98562219726,66319.330428,33265.78873462832,0.2595348738558553,0.38292443268035264
R-medium-2000-44-65,medium,none,2000,65,2065,304175.68,93765.13403431384,77441.570898384,35096.74182651032,0.25459488049269424,0.3743048222345257
R-medium-2005-44-65,medium,none,2005,65,2070,362245.73,101115.3965763477,90527.641623132,37068.82399224987,0.24990671835698935,0.3665992049416615
R-medium-2010-44-65,medium,none,2010,65,2075,431340.48,108891.61384638822,106099.5692736,39253.300350037876,0.24597637873820702,0.3604804719435229
R-medium-1930-44-65,medium,very_low,1930,65,1995,24705.66,36536.859677992885,10284,20081.338490517308,0.4162608892051457,0.5496186226046358
R-medium-1935-44-65,medium,very_low,1935,65,2000,32154.82,38677.37664158795,11832,21266.80042244093,0.3679697165152845,0.5498511602664837
R-medium-1940-44-65,medium,very_low,1940,65,2005,36952.94,41198.91334041305,14856,23809.80193732168,0.4020248456550412,0.5779230568677657
R-medium-1945-44-65,medium,very_low,1945,65,2010,41673.83,43768.97650458081,16824,24534.430496505127,0.4037065947622285,0.5605438476254382
R-medium-1950-44-65,medium,very_low,1950,65,2015,48098.63,46292.24327328239,18372,24676.41106984069,0.38196514121088276,0.5330571457547555
R-medium-1955-44-65,medium,very_low,1955,65,2020,55628.6,49095.888149526676,21252,26361.115611184287,0.3820337020884941,0.5369312299820047
R-medium-1960-44-65,medium,very_low,1960,65,2025,72255.52,52313.001178224324,25116,25635.9012,0.3475997404765753,0.49004837464135276
R-medium-1965-44-65,medium,very_low,1965,65,2030,88030.45,55902.19533421282,30336,27970.889625774886,0.34460803051671324,0.500354046179227
R-medium-1970-44-65,medium,very_low,1970,65,2035,106494.41,59937.86401636532,29435.103563352,24521.582097093,0.27640045673150354,0.40911671611116596
R-medium-1975-44-65,medium,very_low,1975,65,2040,127479.7,64427.94409826308,34877.854109952,26252.316410495296,0.27359535761342396,0.40746785851890993
R-medium-1980-44-65,medium,very_low,1980,65,2045,152129.95,69209.8959903163,41384.331910368,28144.19146476537,0.2720327713929308,0.4066498159266594
R-medium-1985-44-65,medium,very_low,1985,65,2050,180927.92,74519.3002043075,48835.74111,30007.206393244658,0.2699182144469466,0.40267697510543893
R-medium-1990-44-65,medium,very_low,1990,65,2055,214968.38,80427.41961701309,57106.380680928,31703.51193056002,0.26565014203915943,0.3941878538628842
R-medium-1995-44-65,medium,very_low,1995,65,2060,255531.48,86872.98562219726,66319.330428,33265.78873462832,0.2595348738558553,0.38292443268035264
R-medium-2000-44-65,medium,very_low,2000,65,2065,304175.68,93765.13403431384,77441.570898384,35096.74182651032,0.25459488049269424,0.3743048222345257
R-medium-2005-44-65,medium,very_low,2005,65,2070,362245.73,101115.3965763477,90527.641623132,37068.82399224987,0.24990671835698935,0.3665992049416615
R-medium-2010-44-65,medium,very_low,2010,65,2075,431340.48,108891.61384638822,106099.5692736,39253.300350037876,0.24597637873820702,0.3604804719435229
R-medium-1930-44-65,medium,low,1930,65,1995,24705.66,36536.859677992885,10284,20081.338490517308,0.4162608892051457,0.5496186226046358
R-medium-1935-44-65,medium,low,1935,65,2000,32154.82,38677.37664158795,11832,21266.80042244093,0.3679697165152845,0.5498511602664837
R-medium-1940-44-65,medium,low,1940,65,2005,36952.94,41198.91334041305,14856,23809.80193732168,0.4020248456550412,0.5779230568677657
R-medium-1945-44-65,medium,low,1945,65,2010,41673.83,43768.97650458081,16824,24534.430496505127,0.4037065947622285,0.5605438476254382
R-medium-1950-44-65,medium,low,1950,65,2015,48098.63,46292.24327328239,18372,24676.41106984069,0.38196514121088276,0.5330571457547555
R-medium-1955-44-65,medium,low,1955,65,2020,55628.6,49095.888149526676,21252,26361.115611184287,0.3820337020884941,0.5369312299820047
R-medium-1960-44-65,medium,low,1960,65,2025,72255.52,52313.001178224324,25116,25635.9012,0.3475997404765753,0.49004837464135276
R-medium-1965-44-65,medium,low,1965,65,2030,88030.45,55902.19533421282,30336,27970.889625774886,0.34460803051671324,0.500354046179227
R-medium-1970-44-65,medium,low,1970,65,2035,106494.41,59937.86401636532,29435.103563352,24521.582097093,0.27640045673150354,0.40911671611116596
R-medium-1975-44-65,medium,low,1975,65,2040,127479.7,64427.94409826308,34877.854109952,26252.316410495296,0.27359535761342396,0.40746785851890993
R-medium-1980-44-65,medium,low,1980,65,2045,152129.95,69209.8959903163,41384.331910368,28144.19146476537,0.2720327713929308,0.4066498159266594
R-medium-1985-44-65,medium,low,1985,65,2050,180927.92,74519.3002043075,48835.74111,30007.206393244658,0.2699182144469466,0.40267697510543893
R-medium-1990-44-65,medium,low,1990,65,2055,214968.38,80427.41961701309,57106.380680928,31703.51193056002,0.26565014203915943,0.3941878538628842
R-medium-1995-44-65,medium,low,1995,65,2060,255531.48,86872.98562219726,66319.330428,33265.78873462832,0.2595348738558553,0.38292443268035264
R-medium-2000-44-65,medium,low,2000,65,2065,304175.68,93765.13403431384,77441.570898384,35096.74182651032,0.25459488049269424,0.3743048222345257
R-medium-2005-44-65,medium,low,2005,65,2070,362245.73,101115.3965763477,90527.641623132,37068.82399224987,0.24990671835698935,0.3665992049416615
R-medium-2010-44-65,medium,low,2010,65,2075,431340.48,108891.61384638822,106099.5692736,39253.300350037876,0.24597637873820702,0.3604804719435229
R-medium-1930-44-65,medium,medium,1930,65,1995,24705.66,36536.859677992885,10284,20081.338490517308,0.4162608892051457,0.5496186226046358
R-medium-1935-44-65,medium,medium,1935,65,2000,32154.82,38677.37664158795,11832,21266.80042244093,0.3679697165152845,0.5498511602664837
R-medium-1940-44-65,medium,medium,1940,65,2005,36952.94,41198.91334041305,14856,23809.80193732168,0.4020248456550412,0.5779230568677657
R-medium-1945-44-65,medium,medium,1945,65,2010,41673.83,43768.97650458081,16824,24534.430496505127,0.4037065947622285,0.5605438476254382
R-medium-1950-44-65,medium,medium,1950,65,2015,48098.63,46292.24327328239,18372,24676.41106984069,0.38196514121088276,0.5330571457547555
R-medium-1955-44-65,medium,medium,1955,65,2020,55628.6,49095.888149526676,21252,26361.115611184287,0.3820337020884941,0.5369312299820047
R-medium-1960-44-65,medium,medium,1960,65,2025,72255.52,52313.001178224324,25116,25635.9012,0.3475997404765753,0.49004837464135276
R-medium-1965-44-65,medium,medium,1965,65,2030,88030.45,55902.19533421282,30336,27970.889625774886,0.34460803051671324,0.500354046179227
R-medium-1970-44-65,medium,medium,1970,65,2035,106494.41,59937.86401636532,29435.103563352,24521.582097093,0.27640045673150354,0.40911671611116596
R-medium-1975-44-65,medium,medium,1975,65,2040,127479.7,64427.94409826308,34877.854109952,26252.316410495296,0.27359535761342396,0.40746785851890993
R-medium-1980-44-65,medium,medium,1980,65,2045,152129.95,69209.8959903163,41384.331910368,28144.19146476537,0.2720327713929308,0.4066498159266594
R-medium-1985-44-65,medium,medium,1985,65,2050,180927.92,74519.3002043075,48835.74111,30007.206393244658,0.2699182144469466,0.40267697510543893
R-medium-1990-44-65,medium,medium,1990,65,2055,214968.38,80427.41961701309,57106.380680928,31703.51193056002,0.26565014203915943,0.3941878538628842
R-medium-1995-44-65,medium,medium,1995,65,2060,255531.48,86872.98562219726,66319.330428,33265.78873462832,0.2595348738558553,0.38292443268035264
R-medium-2000-44-65,medium,medium,2000,65,2065,304175.68,93765.13403431384,77441.570898384,35096.74182651032,0.25459488049269424,0.3743048222345257
R-medium-2005-44-65,medium,medium,2005,65,2070,362245.73,101115.3965763477,90527.641623132,37068.82399224987,0.24990671835698935,0.3665992049416615
R-medium-2010-44-65,medium,medium,2010,65,2075,431340.48,108891.61384638822,106099.5692736,39253.300350037876,0.24597637873820702,0.3604804719435229
R-medium-1930-44-65,medium,high,1930,65,1995,24705.66,36536.859677992885,10284,20081.338490517308,0.4162608892051457,0.5496186226046358
R-medium-1935-44-65,medium,high,1935,65,2000,32154.82,38677.37664158795,11832,21266.80042244093,0.3679697165152845,0.5498511602664837
R-medium-1940-44-65,medium,high,1940,65,2005,36952.94,41198.91334041305,14856,23809.80193732168,0.4020248456550412,0.5779230568677657
R-medium-1945-44-65,medium,high,1945,65,2010,41673.83,43768.97650458081,16824,24534.430496505127,0.4037065947622285,0.5605438476254382
R-medium-1950-44-65,medium,high,1950,65,2015,48098.63,46292.24327328239,18372,24676.41106984069,0.38196514121088276,0.5330571457547555
R-medium-1955-44-65,medium,high,1955,65,2020,55628.6,49095.888149526676,21252,26361.115611184287,0.3820337020884941,0.5369312299820047
R-medium-1960-44-65,medium,high,1960,65,2025,72255.52,52313.001178224324,25116,25635.9012,0.3475997404765753,0.49004837464135276
R-medium-1965-44-65,medium,high,1965,65,2030,88030.45,55902.19533421282,30336,27970.889625774886,0.34460803051671324,0.500354046179227
R-medium-1970-44-65,medium,high,1970,65,2035,106494.41,59937.86401636532,29435.103563352,24521.582097093,0.27640045673150354,0.40911671611116596
R-medium-1975-44-65,medium,high,1975,65,2040,127479.7,64427.94409826308,34877.854109952,26252.316410495296,0.27359535761342396,0.40746785851890993
R-medium-1980-44-65,medium,high,1980,65,2045,152129.95,69209.8959903163,41384.331910368,28144.19146476537,0.2720327713929308,0.4066498159266594
R-medium-1985-44-65,medium,high,1985,65,2050,180927.92,74519.3002043075,48835.74111,30007.206393244658,0.2699182144469466,0.40267697510543893
R-medium-1990-44-65,medium,high,1990,65,2055,214968.38,80427.41961701309,57106.380680928,31703.51193056002,0.26565014203915943,0.3941878538628842
R-medium-1995-44-65,medium,high,1995,65,2060,255531.48,86872.98562219726,66319.330428,33265.78873462832,0.2595348738558553,0.38292443268035264
R-medium-2000-44-65,medium,high,2000,65,2065,304175.68,93765.13403431384,77441.570898384,35096.74182651032,0.25459488049269424,0.3743048222345257
R-medium-2005-44-65,medium,high,2005,65,2070,362245.73,101115.3965763477,90527.641623132,37068.82399224987,0.24990671835698935,0.3665992049416615
R-medium-2010-44-65,medium,high,2010,65,2075,431340.48,108891.61384638822,106099.5692736,39253.300350037876,0.24597637873820702,0.3604804719435229
R-medium-1930-44-65,medium,max,1930,65,1995,24705.66,36536.859677992885,10284,20081.338490517308,0.4162608892051457,0.5496186226046358
R-medium-1935-44-65,medium,max,1935,65,2000,32154.82,38677.37664158795,11832,21266.80042244093,0.3679697165152845,0.5498511602664837
R-medium-1940-44-65,medium,max,1940,65,2005,36952.94,41198.91334041305,14856,23809.80193732168,0.4020248456550412,0.5779230568677657
R-medium-1945-44-65,medium,max,1945,65,2010,41673.83,43768.97650458081,16824,24534.430496505127,0.4037065947622285,0.5605438476254382
R-medium-1950-44-65,medium,max,1950,65,2015,48098.63,46292.24327328239,18372,24676.41106984069,0.38196514121088276,0.5330571457547555
R-medium-1955-44-65,medium,max,1955,65,2020,55628.6,49095.888149526676,21252,26361.115611184287,0.3820337020884941,0.5369312299820047
R-medium-1960-44-65,medium,max,1960,65,2025,72255.52,52313.001178224324,25116,25635.9012,0.3475997404765753,0.49004837464135276
R-medium-1965-44-65,medium,max,1965,65,2030,88030.45,55902.19533421282,30336,27970.889625774886,0.34460803051671324,0.500354046179227
R-medium-1970-44-65,medium,max,1970,65,2035,106494.41,59937.86401636532,29435.103563352,24521.582097093,0.27640045673150354,0.40911671611116596
R-medium-1975-44-65,medium,max,1975,65,2040,127479.7,64427.94409826308,34877.854109952,26252.316410495296,0.27359535761342396,0.40746785851890993
R-medium-1980-44-65,medium,max,1980,65,2045,152129.95,69209.8959903163,41384.331910368,28144.19146476537,0.2720327713929308,0.4066498159266594
R-medium-1985-44-65,medium,max,1985,65,2050,180927.92,74519.3002043075,48835.74111,30007.206393244658,0.2699182144469466,0.40267697510543893
R-medium-1990-44-65,medium,max,1990,65,2055,214968.38,80427.41961701309,57106.380680928,31703.51193056002,0.26565014203915943,0.3941878538628842
R-medium-1995-44-65,medium,max,1995,65,2060,255531.48,86872.98562219726,66319.330428,33265.78873462832,0.2595348738558553,0.38292443268035264
R-medium-2000-44-65,medium,max,2000,65,2065,304175.68,93765.13403431384,77441.570898384,35096.74182651032,0.25459488049269424,0.3743048222345257
R-medium-2005-44-65,medium,max,2005,65,2070,362245.73,101115.3965763477,90527.641623132,37068.82399224987,0.24990671835698935,0.3665992049416615
R-medium-2010-44-65,medium,max,2010,65,2075,431340.48,108891.61384638822,106099.5692736,39253.300350037876,0.24597637873820702,0.3604804719435229
R-high-1930-44-65,high,none,1930,65,1995,24705.66,58458.54728784766,13140,25658.186286016866,0.5318619296145094,0.4389124854519038
R-high-1935-44-65,high,none,1935,65,2000,32154.82,61883.561896774416,15408,27694.29182800624,0.47918165923491407,0.44752258886135254
R-high-1940-44-65,high,none,1940,65,2005,36952.94,65917.97745104661,19620,31445.09383483114,0.5309455756429664,0.47703365683790216
R-high-1945-44-65,high,none,1945,65,2010,41673.83,70029.97168015652,22248,32444.24689052818,0.5338602187511923,0.46329087549412046
R-high-1950-44-65,high,none,1950,65,2015,48098.63,74066.99666287354,24324,32670.859071565694,0.5057108695195685,0.4410987422680543
R-high-1955-44-65,high,none,1955,65,2020,55628.6,78552.78825184671,28140,34905.03450492781,0.5058549019748835,0.4443513117958257
R-high-1960-44-65,high,none,1960,65,2025,72255.52,83699.94059028376,33156,33842.3292,0.45887151597552683,0.4043291902160389
R-high-1965-44-65,high,none,1965,65,2030,88030.45,89442.96304087805,40116,36988.403488514814,0.4557059517473783,0.41354179502763155
R-high-1970-44-65,high,none,1970,65,2035,106494.41,95899.73410273004,38928.139561536,32429.97151651923,0.3655416238423782,0.33816539555552344
R-high-1975-44-65,high,none,1975,65,2040,127479.7,103084.02076458785,46138.4452032,34728.084426991496,0.3619277830368286,0.33689105420421794
R-high-1980-44-65,high,none,1980,65,2045,152129.95,110734.9229416688,54758.08369468799,37239.262315138374,0.3599428231895691,0.3362919422877522
R-high-1985-44-65,high,none,1985,65,2050,180927.92,119229.75854357056,64624.463879999996,39708.614666704794,0.35718347881299906,0.33304281709330086
R-high-1990-44-65,high,none,1990,65,2055,214968.38,128682.4191204447,75554.88411722399,41945.49087966409,0.35146975623681953,0.32596131753168067
R-high-1995-44-65,high,none,1995,65,2060,255531.48,138995.33390717284,87749.106084,44014.9682725146,0.34339841840230406,0.3166650781378727
R-high-2000-44-65,high,none,2000,65,2065,304175.68,150022.57608258395,102463.556300616,46436.77730695241,0.3368565044405128,0.3095319285904679
R-high-2005-44-65,high,none,2005,65,2070,362245.73,161782.98552010785,119781.18969207599,49047.42638455408,0.3306628064106539,0.30316801378633246
R-high-2010-44-65,high,none,2010,65,2075,431340.48,174224.90476777375,140376.8604288,51934.75432871631,0.3254432795846103,0.29809030114231205
R-high-1930-44-65,high,very_low,1930,65,1995,24705.66,58458.54728784766,13140,25658.186286016866,0.5318619296145094,0.4389124854519038
R-high-1935-44-65,high,very_low,1935,65,2000,32154.82,61883.561896774416,15408,27694.29182800624,0.47918165923491407,0.44752258886135254
R-high-1940-44-65,high,very_low,1940,65,2005,36952.94,65917.97745104661,19620,31445.09383483114,0.5309455756429664,0.47703365683790216
R-high-1945-44-65,high,very_low,1945,65,2010,41673.83,70029.97168015652,22248,32444.24689052818,0.5338602187511923,0.46329087549412046
R-high-1950-44-65,high,very_low,1950,65,2015,48098.63,74066.99666287354,24324,32670.859071565694,0.5057108695195685,0.4410987422680543
R-high-1955-44-65,high,very_low,1955,65,2020,55628.6,78552.78825184671,28140,34905.03450492781,0.5058549019748835,0.4443513117958257
R-high-1960-44-65,high,very_low,1960,65,2025,72255.52,83699.94059028376,33156,33842.3292,0.45887151597552683,0.4043291902160389
R-high-1965-44-65,high,very_low,1965,65,2030,88030.45,89442.96304087805,40116,36988.403488514814,0.4557059517473783,0.41354179502763155
R-high-1970-44-65,high,very_low,1970,65,2035,106494.41,95899.73410273004,38928.139561536,32429.97151651923,0.3655416238423782,0.33816539555552344
R-high-1975-44-65,high,very_low,1975,65,2040,127479.7,103084.02076458785,46138.4452032,34728.084426991496,0.3619277830368286,0.33689105420421794
R-high-1980-44-65,high,very_low,1980,65,2045,152129.95,110734.9229416688,54758.08369468799,37239.262315138374,0.3599428231895691,0.3362919422877522
R-high-1985-44-65,high,very_low,1985,65,2050,180927.92,119229.75854357056,64624.463879999996,39708.614666704794,0.35718347881299906,0.33304281709330086
R-high-1990-44-65,high,very_low,1990,65,2055,214968.38,128682.4191204447,75554.88411722399,41945.49087966409,0.35146975623681953,0.32596131753168067
R-high-1995-44-65,high,very_low,1995,65,2060,255531.48,138995.33390717284,87749.106084,44014.9682725146,0.34339841840230406,0.3166650781378727
R-high-2000-44-65,high,very_low,2000,65,2065,304175.68,150022.57608258395,102463.556300616,46436.77730695241,0.3368565044405128,0.3095319285904679
R-high-2005-44-65,high,very_low,2005,65,2070,362245.73,161782.98552010785,119781.18969207599,49047.42638455408,0.3306628064106539,0.30316801378633246
R-high-2010-44-65,high,very_low,2010,65,2075,431340.48,174224.90476777375,140376.8604288,51934.75432871631,0.3254432795846103,0.29809030114231205
R-high-1930-44-65,high,low,1930,65,1995,24705.66,58458.54728784766,13140,25658.186286016866,0.5318619296145094,0.4389124854519038
R-high-1935-44-65,high,low,1935,65,2000,32154.82,61883.561896774416,15408,27694.29182800624,0.47918165923491407,0.44752258886135254
R-high-1940-44-65,high,low,1940,65,2005,36952.94,65917.97745104661,19620,31445.09383483114,0.5309455756429664,0.47703365683790216
R-high-1945-44-65,high,low,1945,65,2010,41673.83,70029.97168015652,22248,32444.24689052818,0.5338602187511923,0.46329087549412046
R-high-1950-44-65,high,low,1950,65,2015,48098.63,74066.99666287354,24324,32670.859071565694,0.5057108695195685,0.4410987422680543
R-high-1955-44-65,high,low,1955,65,2020,55628.6,78552.78825184671,28140,34905.03450492781,0.5058549019748835,0.4443513117958257
R-high-1960-44-65,high,low,1960,65,2025,72255.52,83699.94059028376,33156,33842.3292,0.45887151597552683,0.4043291902160389
R-high-1965-44-65,high,low,1965,65,2030,88030.45,89442.96304087805,40116,36988.403488514814,0.4557059517473783,0.41354179502763155
R-high-1970-44-65,high,low,1970,65,2035,106494.41,95899.73410273004,38928.139561536,32429.97151651923,0.3655416238423782,0.33816539555552344
R-high-1975-44-65,high,low,1975,65,2040,127479.7,103084.02076458785,46138.4452032,34728.084426991496,0.3619277830368286,0.33689105420421794
R-high-1980-44-65,high,low,1980,65,2045,152129.95,110734.9229416688,54758.08369468799,37239.262315138374,0.3599428231895691,0.3362919422877522
R-high-1985-44-65,high,low,1985,65,2050,180927.92,119229.75854357056,64624.463879999996,39708.614666704794,0.35718347881299906,0.33304281709330086
R-high-1990-44-65,high,low,1990,65,2055,214968.38,128682.4191204447,75554.88411722399,41945.49087966409,0.35146975623681953,0.32596131753168067
R-high-1995-44-65,high,low,1995,65,2060,255531.48,138995.33390717284,87749.106084,44014.9682725146,0.34339841840230406,0.3166650781378727
R-high-2000-44-65,high,low,2000,65,2065,304175.68,150022.57608258395,102463.556300616,46436.77730695241,0.3368565044405128,0.3095319285904679
R-high-2005-44-65,high,low,2005,65,2070,362245.73,161782.98552010785,119781.18969207599,49047.42638455408,0.3306628064106539,0.30316801378633246
R-high-2010-44-65,high,low,2010,65,2075,431340.48,174224.90476777375,140376.8604288,51934.75432871631,0.3254432795846103,0.29809030114231205
R-high-1930-44-65,high,medium,1930,65,1995,24705.66,58458.54728784766,13140,25658.186286016866,0.5318619296145094,0.4389124854519038
R-high-1935-44-65,high,medium,1935,65,2000,32154.82,61883.561896774416,15408,27694.29182800624,0.47918165923491407,0.44752258886135254
R-high-1940-44-65,high,medium,1940,65,2005,36952.94,65917.97745104661,19620,31445.09383483114,0.5309455756429664,0.47703365683790216
R-high-1945-44-65,high,medium,1945,65,2010,41673.83,70029.97168015652,22248,32444.24689052818,0.5338602187511923,0.46329087549412046
R-high-1950-44-65,high,medium,1950,65,2015,48098.63,74066.99666287354,24324,32670.859071565694,0.5057108695195685,0.4410987422680543
R-high-1955-44-65,high,medium,1955,65,2020,55628.6,78552.78825184671,28140,34905.03450492781,0.5058549019748835,0.4443513117958257
R-high-1960-44-65,high,medium,1960,65,2025,72255.52,83699.94059028376,33156,33842.3292,0.45887151597552683,0.4043291902160389
R-high-1965-44-65,high,medium,1965,65,2030,88030.45,89442.96304087805,40116,36988.403488514814,0.4557059517473783,0.41354179502763155
R-high-1970-44-65,high,medium,1970,65,2035,106494.41,95899.73410273004,38928.139561536,32429.97151651923,0.3655416238423782,0.33816539555552344
R-high-1975-44-65,high,medium,1975,65,2040,127479.7,103084.02076458785,46138.4452032,34728.084426991496,0.3619277830368286,0.33689105420421794
R-high-1980-44-65,high,medium,1980,65,2045,152129.95,110734.9229416688,54758.08369468799,37239.262315138374,0.3599428231895691,0.3362919422877522
R-high-1985-44-65,high,medium,1985,65,2050,180927.92,119229.75854357056,64624.463879999996,39708.614666704794,0.35718347881299906,0.33304281709330086
R-high-1990-44-65,high,medium,1990,65,2055,214968.38,128682.4191204447,75554.88411722399,41945.49087966409,0.35146975623681953,0.32596131753168067
R-high-1995-44-65,high,medium,1995,65,2060,255531.48,138995.33390717284,87749.106084,44014.9682725146,0.34339841840230406,0.3166650781378727
R-high-2000-44-65,high,medium,2000,65,2065,304175.68,150022.57608258395,102463.556300616,46436.77730695241,0.3368565044405128,0.3095319285904679
R-high-2005-44-65,high,medium,2005,65,2070,362245.73,161782.98552010785,119781.18969207599,49047.42638455408,0.3306628064106539,0.30316801378633246
R-high-2010-44-65,high,medium,2010,65,2075,431340.48,174224.90476777375,140376.8604288,51934.75432871631,0.3254432795846103,0.29809030114231205
R-high-1930-44-65,high,high,1930,65,1995,24705.66,58458.54728784766,13140,25658.186286016866,0.5318619296145094,0.4389124854519038
R-high-1935-44-65,high,high,1935,65,2000,32154.82,61883.561896774416,15408,27694.29182800624,0.47918165923491407,0.44752258886135254
R-high-1940-44-65,high,high,1940,65,2005,36952.94,65917.97745104661,19620,31445.09383483114,0.5309455756429664,0.47703365683790216
R-high-1945-44-65,high,high,1945,65,2010,41673.83,70029.97168015652,22248,32444.24689052818,0.5338602187511923,0.46329087549412046
R-high-1950-44-65,high,high,1950,65,2015,48098.63,74066.99666287354,24324,32670.859071565694,0.5057108695195685,0.4410987422680543
R-high-1955-44-65,high,high,1955,65,2020,55628.6,78552.78825184671,28140,34905.03450492781,0.5058549019748835,0.4443513117958257
R-high-1960-44-65,high,high,1960,65,2025,72255.52,83699.94059028376,33156,33842.3292,0.45887151597552683,0.4043291902160389
R-high-1965-44-65,high,high,1965,65,2030,88030.45,89442.96304087805,40116,36988.403488514814,0.4557059517473783,0.41354179502763155
R-high-1970-44-65,high,high,1970,65,2035,106494.41,95899.73410273004,38928.139561536,32429.97151651923,0.3655416238423782,0.33816539555552344
R-high-1975-44-65,high,high,1975,65,2040,127479.7,103084.02076458785,46138.4452032,34728.084426991496,0.3619277830368286,0.33689105420421794
R-high-1980-44-65,high,high,1980,65,2045,152129.95,110734.9229416688,54758.08369468799,37239.262315138374,0.3599428231895691,0.3362919422877522
R-high-1985-44-65,high,high,1985,65,2050,180927.92,119229.75854357056,64624.463879999996,39708.614666704794,0.35718347881299906,0.33304281709330086
R-high-1990-44-65,high,high,1990,65,2055,214968.38,128682.4191204447,75554.88411722399,41945.49087966409,0.35146975623681953,0.32596131753168067
R-high-1995-44-65,high,high,1995,65,2060,255531.48,138995.33390717284,87749.106084,44014.9682725146,0.34339841840230406,0.3166650781378727
R-high-2000-44-65,high,high,2000,65,2065,304175.68,150022.57608258395,102463.556300616,46436.77730695241,0.3368565044405128,0.3095319285904679
R-high-2005-44-65,high,high,2005,65,2070,362245.73,161782.98552010785,119781.18969207599,49047.42638455408,0.3306628064106539,0.30316801378633246
R-high-2010-44-65,high,high,2010,65,2075,431340.48,174224.90476777375,140376.8604288,51934.75432871631,0.3254432795846103,0.29809030114231205
R-high-1930-44-65,high,max,1930,65,1995,24705.66,58458.54728784766,13140,25658.186286016866,0.5318619296145094,0.4389124854519038
R-high-1935-44-65,high,max,1935,65,2000,32154.82,61883.561896774416,15408,27694.29182800624,0.47918165923491407,0.44752258886135254
R-high-1940-44-65,high,max,1940,65,2005,36952.94,65917.97745104661,19620,31445.09383483114,0.5309455756429664,0.47703365683790216
R-high-1945-44-65,high,max,1945,65,2010,41673.83,70029.97168015652,22248,32444.24689052818,0.5338602187511923,0.46329087549412046
R-high-1950-44-65,high,max,1950,65,2015,48098.63,74066.99666287354,24324,32670.859071565694,0.5057108695195685,0.4410987422680543
R-high-1955-44-65,high,max,1955,65,2020,55628.6,78552.78825184671,28140,34905.03450492781,0.5058549019748835,0.4443513117958257
R-high-1960-44-65,high,max,1960,65,2025,72255.52,83699.94059028376,33156,33842.3292,0.45887151597552683,0.4043291902160389
R-high-1965-44-65,high,max,1965,65,2030,88030.45,89442.96304087805,40116,36988.403488514814,0.4557059517473783,0.41354179502763155
R-high-1970-44-65,high,max,1970,65,2035,106494.41,95899.73410273004,38928.139561536,32429.97151651923,0.3655416238423782,0.33816539555552344
R-high-1975-44-65,high,max,1975,65,2040,127479.7,103084.02076458785,46138.4452032,34728.084426991496,0.3619277830368286,0.33689105420421794
R-high-1980-44-65,high,max,1980,65,2045,152129.95,110734.9229416688,54758.08369468799,37239.262315138374,0.3599428231895691,0.3362919422877522
R-high-1985-44-65,high,max,1985,65,2050,180927.92,119229.75854357056,64624.463879999996,39708.614666704794,0.35718347881299906,0.33304281709330086
R-high-1990-44-65,high,max,1990,65,2055,214968.38,128682.4191204447,75554.88411722399,41945.49087966409,0.35146975623681953,0.32596131753168067
R-high-1995-44-65,high,max,1995,65,2060,255531.48,138995.33390717284,87749.106084,44014.9682725146,0.34339841840230406,0.3166650781378727
R-high-2000-44-65,high,max,2000,65,2065,304175.68,150022.57608258395,102463.556300616,46436.77730695241,0.3368565044405128,0.3095319285904679
R-high-2005-44-65,high,max,2005,65,2070,362245.73,161782.98552010785,119781.18969207599,49047.42638455408,0.3306628064106539,0.30316801378633246
R-high-2010-44-65,high,max,2010,65,2075,431340.48,174224.90476777375,140376.8604288,51934.75432871631,0.3254432795846103,0.29809030114231205
R-max-1930-44-65,max,none,1930,65,1995,24705.66,68054.22690320268,14400,28118.56031344314,0.5828623886186405,0.41317874866814275
R-max-1935-44-65,max,none,1935,65,2000,32154.82,78124.2658652785,17220,30951.175057000743,0.5355340194720418,0.39617876359151377
R-max-1940-44-65,max,none,1940,65,2005,36952.94,90046.35309643939,22488,36041.6549519716,0.6085578035198281,0.40025668683518023
R-max-1945-44-65,max,none,1945,65,2010,41673.83,102596.96582560624,26292,38341.609998461296,0.6308995357518136,0.3737109542170492
R-max-1950-44-65,max,none,1950,65,2015,48098.63,114390.88075706997,29424,39520.940524656675,0.6117429955905189,0.34549030712147977
R-max-1955-44-65,max,none,1955,65,2020,55628.6,126173.2100457841,34284,42526.09107913807,0.6163016865425339,0.3370453289070378
R-max-1960-44-65,max,none,1960,65,2025,72255.52,136951.3076798184,40488,41326.101599999995,0.560344732139496,0.30175762685389784
R-max-1965-44-65,max,none,1965,65,2030,88030.45,147251.04039941373,49044,45220.34252394856,0.5571254037665376,0.30709693052958964
R-max-1970-44-65,max,none,1970,65,2035,106494.41,158308.62144711724,47627.699237616,39677.337449729566,0.44723191797218276,0.2506328277451631
R-max-1975-44-65,max,none,1975,65,2040,127479.7,170533.54803738583,56415.374012928,42463.45673489194,0.4425439816137628,0.24900353756542223
R-max-1980-44-65,max,none,1980,65,2045,152129.95,183626.32209267656,66989.494180764,45557.46253037536,0.4403438913952446,0.24809875845240975
R-max-1985-44-65,max,none,1985,65,2050,180927.92,196965.79223725206,78998.72283,48540.90317628311,0.43663091263084214,0.2464433170091481
R-max-1990-44-65,max,none,1990,65,2055,214968.38,211771.91896987738,92260.57739042399,51219.921156630575,0.4291820843159538,0.2418636115958138
R-max-1995-44-65,max,none,1995,65,2060,255531.48,228419.5463098684,107042.965056,53692.77159616345,0.41890324063399154,0.2350620709285761
R-max-2000-44-65,max,none,2000,65,2065,304175.68,246616.72111249316,124971.204985368,56637.30818263766,0.41085206083986725,0.22965721029436115
R-max-2005-44-65,max,none,2005,65,2070,362245.73,266849.1585437954,146157.060448068,59847.69128890751,0.403474902100483,0.2242753607150134
R-max-2010-44-65,max,none,2010,65,2075,431340.48,287918.64252533583,171327.8048256,63385.57099878185,0.39719853055664983,0.22015097891135738
R-max-1930-44-65,max,very_low,1930,65,1995,24705.66,68054.22690320268,14400,28118.56031344314,0.5828623886186405,0.41317874866814275
R-max-1935-44-65,max,very_low,1935,65,2000,32154.82,78124.2658652785,17220,30951.175057000743,0.5355340194720418,0.39617876359151377
R-max-1940-44-65,max,very_low,1940,65,2005,36952.94,90046.35309643939,22488,36041.6549519716,0.6085578035198281,0.40025668683518023
R-max-1945-44-65,max,very_low,1945,65,2010,41673.83,102596.96582560624,26292,38341.609998461296,0.6308995357518136,0.3737109542170492
R-max-1950-44-65,max,very_low,1950,65,2015,48098.63,114390.88075706997,29424,39520.940524656675,0.6117429955905189,0.34549030712147977
R-max-1955-44-65,max,very_low,1955,65,2020,55628.6,126173.2100457841,34284,42526.09107913807,0.6163016865425339,0.3370453289070378
R-max-1960-44-65,max,very_low,1960,65,2025,72255.52,136951.3076798184,40488,41326.101599999995,0.560344732139496,0.30175762685389784
R-max-1965-44-65,max,very_low,1965,65,2030,88030.45,147251.04039941373,49044,45220.34252394856,0.5571254037665376,0.30709693052958964
R-max-1970-44-65,max,very_low,1970,65,2035,106494.41,158308.62144711724,47627.699237616,39677.337449729566,0.44723191797218276,0.2506328277451631
R-max-1975-44-65,max,very_low,1975,65,2040,127479.7,170533.54803738583,56415.374012928,42463.45673489194,0.4425439816137628,0.24900353756542223
R-max-1980-44-65,max,very_low,1980,65,2045,152129.95,183626.32209267656,66989.494180764,45557.46253037536,0.4403438913952446,0.24809875845240975
R-max-1985-44-65,max,very_low,1985,65,2050,180927.92,196965.79223725206,78998.72283,48540.90317628311,0.43663091263084214,0.2464433170091481
R-max-1990-44-65,max,very_low,1990,65,2055,214968.38,211771.91896987738,92260.57739042399,51219.921156630575,0.4291820843159538,0.2418636115958138
R-max-1995-44-65,max,very_low,1995,65,2060,255531.48,228419.5463098684,107042.965056,53692.77159616345,0.41890324063399154,0.2350620709285761
R-max-2000-44-65,max,very_low,2000,65,2065,304175.68,246616.72111249316,124971.204985368,56637.30818263766,0.41085206083986725,0.22965721029436115
R-max-2005-44-65,max,very_low,2005,65,2070,362245.73,266849.1585437954,146157.060448068,59847.69128890751,0.403474902100483,0.2242753607150134
R-max-2010-44-65,max,very_low,2010,65,2075,431340.48,287918.64252533583,171327.8048256,63385.57099878185,0.39719853055664983,0.22015097891135738
R-max-1930-44-65,max,low,1930,65,1995,24705.66,68054.22690320268,14400,28118.56031344314,0.5828623886186405,0.41317874866814275
R-max-1935-44-65,max,low,1935,65,2000,32154.82,78124.2658652785,17220,30951.175057000743,0.5355340194720418,0.39617876359151377
R-max-1940-44-65,max,low,1940,65,2005,36952.94,90046.35309643939,22488,36041.6549519716,0.6085578035198281,0.40025668683518023
R-max-1945-44-65,max,low,1945,65,2010,41673.83,102596.96582560624,26292,38341.609998461296,0.6308995357518136,0.3737109542170492
R-max-1950-44-65,max,low,1950,65,2015,48098.63,114390.88075706997,29424,39520.940524656675,0.6117429955905189,0.34549030712147977
R-max-1955-44-65,max,low,1955,65,2020,55628.6,126173.2100457841,34284,42526.09107913807,0.6163016865425339,0.3370453289070378
R-max-1960-44-65,max,low,1960,65,2025,72255.52,136951.3076798184,40488,41326.101599999995,0.560344732139496,0.30175762685389784
R-max-1965-44-65,max,low,1965,65,2030,88030.45,147251.04039941373,49044,45220.34252394856,0.5571254037665376,0.30709693052958964
R-max-1970-44-65,max,low,1970,65,2035,106494.41,158308.62144711724,47627.699237616,39677.337449729566,0.44723191797218276,0.2506328277451631
R-max-1975-44-65,max,low,1975,65,2040,127479.7,170533.54803738583,56415.374012928,42463.45673489194,0.4425439816137628,0.24900353756542223
R-max-1980-44-65,max,low,1980,65,2045,152129.95,183626.32209267656,66989.494180764,45557.46253037536,0.4403438913952446,0.24809875845240975
R-max-1985-44-65,max,low,1985,65,2050,180927.92,196965.79223725206,78998.72283,48540.90317628311,0.43663091263084214,0.2464433170091481
R-max-1990-44-65,max,low,1990,65,2055,214968.38,211771.91896987738,92260.57739042399,51219.921156630575,0.4291820843159538,0.2418636115958138
R-max-1995-44-65,max,low,1995,65,2060,255531.48,228419.5463098684,107042.965056,53692.77159616345,0.41890324063399154,0.2350620709285761
R-max-2000-44-65,max,low,2000,65,2065,304175.68,246616.72111249316,124971.204985368,56637.30818263766,0.41085206083986725,0.22965721029436115
R-max-2005-44-65,max,low,2005,65,2070,362245.73,266849.1585437954,146157.060448068,59847.69128890751,0.403474902100483,0.2242753607150134
R-max-2010-44-65,max,low,2010,65,2075,431340.48,287918.64252533583,171327.8048256,63385.57099878185,0.39719853055664983,0.22015097891135738
R-max-1930-44-65,max,medium,1930,65,1995,24705.66,68054.22690320268,14400,28118.56031344314,0.5828623886186405,0.41317874866814275
R-max-1935-44-65,max,medium,1935,65,2000,32154.82,78124.2658652785,17220,30951.175057000743,0.5355340194720418,0.39617876359151377
R-max-1940-44-65,max,medium,1940,65,2005,36952.94,90046.35309643939,22488,36041.6549519716,0.6085578035198281,0.40025668683518023
R-max-1945-44-65,max,medium,1945,65,2010,41673.83,102596.96582560624,26292,38341.609998461296,0.6308995357518136,0.3737109542170492
R-max-1950-44-65,max,medium,1950,65,2015,48098.63,114390.88075706997,29424,39520.940524656675,0.6117429955905189,0.34549030712147977
R-max-1955-44-65,max,medium,1955,65,2020,55628.6,126173.2100457841,34284,42526.09107913807,0.6163016865425339,0.3370453289070378
R-max-1960-44-65,max,medium,1960,65,2025,72255.52,136951.3076798184,40488,41326.101599999995,0.560344732139496,0.30175762685389784
R-max-1965-44-65,max,medium,1965,65,2030,88030.45,147251.04039941373,49044,45220.34252394856,0.5571254037665376,0.30709693052958964
R-max-1970-44-65,max,medium,1970,65,2035,106494.41,158308.62144711724,47627.699237616,39677.337449729566,0.44723191797218276,0.2506328277451631
R-max-1975-44-65,max,medium,1975,65,2040,127479.7,170533.54803738583,56415.374012928,42463.45673489194,0.4425439816137628,0.24900353756542223
R-max-1980-44-65,max,medium,1980,65,2045,152129.95,183626.32209267656,66989.494180764,45557.46253037536,0.4403438913952446,0.24809875845240975
R-max-1985-44-65,max,medium,1985,65,2050,180927.92,196965.79223725206,78998.72283,48540.90317628311,0.43663091263084214,0.2464433170091481
R-max-1990-44-65,max,medium,1990,65,2055,214968.38,211771.91896987738,92260.57739042399,51219.921156630575,0.4291820843159538,0.2418636115958138
R-max-1995-44-65,max,medium,1995,65,2060,255531.48,228419.5463098684,107042.965056,53692.77159616345,0.41890324063399154,0.2350620709285761
R-max-2000-44-65,max,medium,2000,65,2065,304175.68,246616.72111249316,124971.204985368,56637.30818263766,0.41085206083986725,0.22965721029436115
R-max-2005-44-65,max,medium,2005,65,2070,362245.73,266849.1585437954,146157.060448068,59847.69128890751,0.403474902100483,0.2242753607150134
R-max-2010-44-65,max,medium,2010,65,2075,431340.48,287918.64252533583,171327.8048256,63385.57099878185,0.39719853055664983,0.22015097891135738
R-max-1930-44-65,max,high,1930,65,1995,24705.66,68054.22690320268,14400,28118.56031344314,0.5828623886186405,0.41317874866814275
R-max-1935-44-65,max,high,1935,65,2000,32154.82,78124.2658652785,17220,30951.175057000743,0.5355340194720418,0.39617876359151377
R-max-1940-44-65,max,high,1940,65,2005,36952.94,90046.35309643939,22488,36041.6549519716,0.6085578035198281,0.40025668683518023
R-max-1945-44-65,max,high,1945,65,2010,41673.83,102596.96582560624,26292,38341.609998461296,0.6308995357518136,0.3737109542170492
R-max-1950-44-65,max,high,1950,65,2015,48098.63,114390.88075706997,29424,39520.940524656675,0.6117429955905189,0.34549030712147977
R-max-1955-44-65,max,high,1955,65,2020,55628.6,126173.2100457841,34284,42526.09107913807,0.6163016865425339,0.3370453289070378
R-max-1960-44-65,max,high,1960,65,2025,72255.52,136951.3076798184,40488,41326.101599999995,0.560344732139496,0.30175762685389784
R-max-1965-44-65,max,high,1965,65,2030,88030.45,147251.04039941373,49044,45220.34252394856,0.5571254037665376,0.30709693052958964
R-max-1970-44-65,max,high,1970,65,2035,106494.41,158308.62144711724,47627.699237616,39677.337449729566,0.44723191797218276,0.2506328277451631
R-max-1975-44-65,max,high,1975,65,2040,127479.7,170533.54803738583,56415.374012928,42463.45673489194,0.4425439816137628,0.24900353756542223
R-max-1980-44-65,max,high,1980,65,2045,152129.95,183626.32209267656,66989.494180764,45557.46253037536,0.4403438913952446,0.24809875845240975
R-max-1985-44-65,max,high,1985,65,2050,180927.92,196965.79223725206,78998.72283,48540.90317628311,0.43663091263084214,0.2464433170091481
R-max-1990-44-65,max,high,1990,65,2055,214968.38,211771.91896987738,92260.57739042399,51219.921156630575,0.4291820843159538,0.2418636115958138
R-max-1995-44-65,max,high,1995,65,2060,255531.48,228419.5463098684,107042.965056,53692.77159616345,0.41890324063399154,0.2350620709285761
R-max-2000-44-65,max,high,2000,65,2065,304175.68,246616.72111249316,124971.204985368,56637.30818263766,0.41085206083986725,0.22965721029436115
R-max-2005-44-65,max,high,2005,65,2070,362245.73,266849.1585437954,146157.060448068,59847.69128890751,0.403474902100483,0.2242753607150134
R-max-2010-44-65,max,high,2010,65,2075,431340.48,287918.64252533583,171327.8048256,63385.57099878185,0.39719853055664983,0.22015097891135738
R-max-1930-44-65,max,max,1930,65,1995,24705.66,68054.22690320268,14400,28118.56031344314,0.5828623886186405,0.41317874866814275
R-max-1935-44-65,max,max,1935,65,2000,32154.82,78124.2658652785,17220,30951.175057000743,0.5355340194720418,0.39617876359151377
R-max-1940-44-65,max,max,1940,65,2005,36952.94,90046.35309643939,22488,36041.6549519716,0.6085578035198281,0.40025668683518023
R-max-1945-44-65,max,max,1945,65,2010,41673.83,102596.96582560624,26292,38341.609998461296,0.6308995357518136,0.3737109542170492
R-max-1950-44-65,max,max,1950,65,2015,48098.63,114390.88075706997,29424,39520.940524656675,0.6117429955905189,0.34549030712147977
R-max-1955-44-65,max,max,1955,65,2020,55628.6,126173.2100457841,34284,42526.09107913807,0.6163016865425339,0.3370453289070378
R-max-1960-44-65,max,max,1960,65,2025,72255.52,136951.3076798184,40488,41326.101599999995,0.560344732139496,0.30175762685389784
R-max-1965-44-65,max,max,1965,65,2030,88030.45,147251.04039941373,49044,45220.34252394856,0.5571254037665376,0.30709693052958964
R-max-1970-44-65,max,max,1970,65,2035,106494.41,158308.62144711724,47627.699237616,39677.337449729566,0.44723191797218276,0.2506328277451631
R-max-1975-44-65,max,max,1975,65,2040,127479.7,170533.54803738583,56415.374012928,42463.45673489194,0.4425439816137628,0.24900353756542223
R-max-1980-44-65,max,max,1980,65,2045,152129.95,183626.32209267656,66989.494180764,45557.46253037536,0.4403438913952446,0.24809875845240975
R-max-1985-44-65,max,max,1985,65,2050,180927.92,196965.79223725206,78998.72283,48540.90317628311,0.43663091263084214,0.2464433170091481
R-max-1990-44-65,max,max,1990,65,2055,214968.38,211771.91896987738,92260.57739042399,51219.921156630575,0.4291820843159538,0.2418636115958138
R-max-1995-44-65,max,max,1995,65,2060,255531.48,228419.5463098684,107042.965056,53692.77159616345,0.41890324063399154,0.2350620709285761
R-max-2000-44-65,max,max,2000,65,2065,304175.68,246616.72111249316,124971.204985368,56637.30818263766,0.41085206083986725,0.22965721029436115
R-max-2005-44-65,max,max,2005,65,2070,362245.73,266849.1585437954,146157.060448068,59847.69128890751,0.403474902100483,0.2242753607150134
R-max-2010-44-65,max,max,2010,65,2075,431340.48,287918.64252533583,171327.8048256,63385.57099878185,0.39719853055664983,0.22015097891135738
